horizon,pred_return
1,0.000948736269492656
2,0.001785975880920887
3,0.0026969260070472956
4,0.0036099187564104795
5,0.004610717762261629
